{"cameraMode":{"drawMode":0,"name":"Shaded","section":"Shading Mode"},"sceneLighting":false,"audioPlay":false,"sceneViewState":{"m_AlwaysRefresh":false,"showFog":true,"showSkybox":false,"showFlares":true,"showImageEffects":true,"showParticleSystems":true,"showVisualEffectGraphs":true,"m_FxEnabled":true},"in2DMode":false,"pivot":{"x":3.3779146671295168,"y":-0.6367515921592712,"z":-1.1777081489562989},"rotation":{"x":-0.050322070717811587,"y":-0.7527577877044678,"z":0.05793479084968567,"w":-0.6538807153701782},"size":2.518841505050659,"orthographic":false}