{"cameraMode":{"drawMode":0,"name":"Shaded","section":"Shading Mode"},"sceneLighting":false,"audioPlay":false,"sceneViewState":{"m_AlwaysRefresh":false,"showFog":true,"showSkybox":false,"showFlares":true,"showImageEffects":true,"showParticleSystems":true,"showVisualEffectGraphs":true,"m_FxEnabled":true},"in2DMode":false,"pivot":{"x":0.02170693874359131,"y":1.7503304481506348,"z":0.00018084049224853516},"rotation":{"x":0.026201358065009118,"y":-0.6907932758331299,"z":0.025125570595264436,"w":0.7221705317497253},"size":2.520421028137207,"orthographic":false}